<application>
  <component name="libraryTable">
    <library name="adal-angular-DefinitelyTyped" type="javaScript">
      <CLASSES>
        <root url="file://$USER_HOME$/.WebStorm8/system/extLibs/http_github.com_borisyankov_DefinitelyTyped_raw_master_adal-angular_adal-angular.d.ts" />
        <root url="file://$USER_HOME$/.WebStorm8/system/extLibs/http_github.com_borisyankov_DefinitelyTyped_raw_master_adal-angular_adal.d.ts" />
      </CLASSES>
      <SOURCES />
    </library>
    <library name="angularjs-DefinitelyTyped" type="javaScript">
      <CLASSES>
        <root url="file://$USER_HOME$/.WebStorm8/system/extLibs/http_github.com_borisyankov_DefinitelyTyped_raw_master_angularjs_angular-animate.d.ts" />
        <root url="file://$USER_HOME$/.WebStorm8/system/extLibs/http_github.com_borisyankov_DefinitelyTyped_raw_master_angularjs_angular-component-router.d.ts" />
        <root url="file://$USER_HOME$/.WebStorm8/system/extLibs/http_github.com_borisyankov_DefinitelyTyped_raw_master_angularjs_angular-cookies.d.ts" />
        <root url="file://$USER_HOME$/.WebStorm8/system/extLibs/http_github.com_borisyankov_DefinitelyTyped_raw_master_angularjs_angular-mocks.d.ts" />
        <root url="file://$USER_HOME$/.WebStorm8/system/extLibs/http_github.com_borisyankov_DefinitelyTyped_raw_master_angularjs_angular-resource.d.ts" />
        <root url="file://$USER_HOME$/.WebStorm8/system/extLibs/http_github.com_borisyankov_DefinitelyTyped_raw_master_angularjs_angular-route.d.ts" />
        <root url="file://$USER_HOME$/.WebStorm8/system/extLibs/http_github.com_borisyankov_DefinitelyTyped_raw_master_angularjs_angular-sanitize.d.ts" />
        <root url="file://$USER_HOME$/.WebStorm8/system/extLibs/http_github.com_borisyankov_DefinitelyTyped_raw_master_angularjs_angular.d.ts" />
      </CLASSES>
      <SOURCES />
    </library>
    <library name="angularjs-toaster-DefinitelyTyped" type="javaScript">
      <CLASSES>
        <root url="file://$USER_HOME$/.WebStorm8/system/extLibs/http_github.com_borisyankov_DefinitelyTyped_raw_master_angularjs-toaster_angularjs-toaster.d.ts" />
      </CLASSES>
      <SOURCES />
    </library>
    <library name="js-data-angular-DefinitelyTyped" type="javaScript">
      <CLASSES>
        <root url="file://$USER_HOME$/.WebStorm8/system/extLibs/http_github.com_borisyankov_DefinitelyTyped_raw_master_js-data-angular_js-data-angular.d.ts" />
      </CLASSES>
      <SOURCES />
    </library>
    <library name="jsx-chai-DefinitelyTyped" type="javaScript">
      <CLASSES>
        <root url="file://$USER_HOME$/.WebStorm8/system/extLibs/http_github.com_borisyankov_DefinitelyTyped_raw_master_jsx-chai_jsx-chai.d.ts" />
      </CLASSES>
      <SOURCES />
    </library>
    <library name="less-DefinitelyTyped" type="javaScript">
      <CLASSES>
        <root url="file://$USER_HOME$/.WebStorm8/system/extLibs/http_github.com_borisyankov_DefinitelyTyped_raw_master_less_less.d.ts" />
      </CLASSES>
      <SOURCES />
    </library>
  </component>
</application>