<application>
  <component name="FileTypeManager" version="17">
    <ignoreFiles list="*.hprof;*.pyc;*.pyo;*.rbc;*~;.DS_Store;.git;.hg;.svn;CVS;RCS;SCCS;__pycache__;_svn;rcs;" />
    <extensionMap>
      <mapping ext="wxss" type="CSS" />
      <mapping ext="wxml" type="HTML" />
      <mapping ext="wxs" type="JavaScript" />
      <mapping pattern="optionset_R291" type="PLAIN_TEXT" />
      <mapping pattern=".npmrc" type="PLAIN_TEXT" />
      <mapping pattern="optionset_R294" type="PLAIN_TEXT" />
      <mapping pattern="exam-view-wap.less" type="PLAIN_TEXT" />
      <mapping pattern="optionset_R298" type="PLAIN_TEXT" />
      <mapping pattern="optionset_R296" type="PLAIN_TEXT" />
      <mapping pattern="optionset_R300" type="PLAIN_TEXT" />
      <mapping ext="mp4" type="PLAIN_TEXT" />
      <mapping ext="mp3" type="PLAIN_TEXT" />
      <mapping ext="ttf" type="PLAIN_TEXT" />
      <mapping ext="ttc" type="PLAIN_TEXT" />
      <mapping ext="wpy" type="Vue.js" />
      <mapping pattern="optionset_R296a" type="XML" />
      <mapping pattern="1" type="Images" />
    </extensionMap>
  </component>
</application>